comodo,nome,link
Lavanderia,Bacia/Balde,
Lavanderia,Cesto para roupa,
Lavanderia,Esfregão,
Lavanderia,Pá de Lixo,
Lavanderia,Pano de Chão,
Lavanderia,Pregador de roupa,
Lavanderia,Tábua de Passar Roupa,
Lavanderia,Tesoura,
Lavanderia,Varal,
Lavanderia,Vassoura,
Cozinha,Abridor de Lata,
Cozinha,Açúcareiro,
Cozinha,Amolador de Faca,
Cozinha,Clip para fechar sacos,
Cozinha,Kit espátulas e pincel de silicone,https://www.amazon.com.br/HEMOTON-esp%C3%A1tulas-raspadores-antiaderente-utens%C3%ADlios/dp/B095HJMT95/ref=asc_df_B095HJMT95/?tag=googleshopp00-20&linkCode=df0&hvadid=379751109541&hvpos=&hvnetw=g&hvrand=11072780116761282816&hvpone=&hvptwo=&hvqmt=&hvdev=c&hvdvcmdl=&hvlocint=&hvlocphy=1001625&hvtargid=pla-1307975162307&psc=1
Cozinha,Concha Aço Inoxidável,https://www.amazon.com.br/Conjunto-Utens%C3%ADlio-Cozinha-Inox-Pe%C3%A7as/dp/B08DJ79673/ref=asc_df_B08DJ79673/?tag=googleshopp00-20&linkCode=df0&hvadid=379751109541&hvpos=&hvnetw=g&hvrand=1889838382644106574&hvpone=&hvptwo=&hvqmt=&hvdev=c&hvdvcmdl=&hvlocint=&hvlocphy=1001625&hvtargid=pla-1188073438264&psc=1
Cozinha,Fouet,
Cozinha,Escorredor de Louça,
Cozinha,Escumadeira,
Cozinha,Espremedor Alho,
Cozinha,Espremedor Batata,
Cozinha,Espremedor Limão,
Cozinha,Batedeira,
Cozinha,Jogo de Facas,https://www.amazon.com.br/Facas-Pe%C3%A7as-Plenus-Tramontina-Preto/dp/B07WR4TP9W/ref=asc_df_B07WR4TP9W/?tag=googleshopp00-20&linkCode=df0&hvadid=379728571618&hvpos=&hvnetw=g&hvrand=18000971279427839238&hvpone=&hvptwo=&hvqmt=&hvdev=c&hvdvcmdl=&hvlocint=&hvlocphy=1001625&hvtargid=pla-912401071597&psc=1
Cozinha,Pegador de Macarrão,
Cozinha,Pegador de Salada,
Cozinha,Peneira,https://www.americanas.com.br/produto/2204749970?opn=YSMESP&sellerid=24605730000184&epar=bp_pl_00_go_pla_ud_geral_gmv&WT.srch=1&acc=e789ea56094489dffd798f86ff51c7a9&i=5d2e974449f937f625ffd5a9&o=5f7e22bdf8e95eac3d22fcb2&gclid=EAIaIQobChMI3uKLi7ry8gIV3QaICR2s9w0SEAQYASABEgKHzvD_BwE
Cozinha,Petisqueira,
Cozinha,Saca-rolha,
Cozinha,Prato de Bolo/Boleira,
Cozinha,Lixeira,
Cozinha,Moedor de Pimenta,
Cozinha,Porta talher de gaveta,
Cozinha,Porta tempero,https://www.amazon.com.br/Porta-Temperos-Condimentos-Suporte-Girat%C3%B3rio/dp/B08TFCWXM5/ref=asc_df_B08TFCWXM5/?tag=googleshopp00-20&linkCode=df0&hvadid=455483639906&hvpos=&hvnetw=g&hvrand=1096825249803380687&hvpone=&hvptwo=&hvqmt=&hvdev=c&hvdvcmdl=&hvlocint=&hvlocphy=1001625&hvtargid=pla-1389508478799&psc=1
Cozinha,Porta alimentos (vidro vedado p feijão e etc),https://santistadecora.com.br/pr/jogo-de-potes-para-mantimentos-com-tampa-tradicional-5-pecas/BD.5PCTRADITRAD?gclid=EAIaIQobChMIx9SXwMDy8gIVCAaICR2FtgkwEAQYBCABEgLkTvD_BwE
Cozinha,Tesoura para Cozinha,
Cozinha,Tábua de Carne,
Cozinha,Pano de Pia,
Cozinha,Pano de Prato,
Cozinha,Suporte Bucha e Detergente,
Cozinha,Suporte Guardanapo,
Cozinha,Suporte Papel Toalha,
Cozinha,Jogo de pratos,
Cozinha,Jogo de Talheres,
Cozinha,Jogo de xícaras,
Escritório,Bloquinhos Diversos,
Escritório,Calculadora,
Escritório,Canetas,
Escritório,Clips,
Escritório,Corretivo,
Escritório,Grampeador,
Escritório,Lápis de Cor,
Escritório,Lapiseiras,
Escritório,Lixeira,
Escritório,Pasta para documento,
Escritório,Caixas organizadoras,
Escritório,Régua,
Escritório,Porta Contas,
Escritório,Porta Caneta,
Hall de entrada,Porta Máscara e chave (pendurada),
Sala de estar,Jogo Americano,
Sala de estar,Toalha Mesa,
Sala de estar,Vasos,
Banheiro,Assento de vaso sanitário,
Banheiro,Caixa de remédio,
Banheiro,Espelho,
Banheiro,Lixeira,
Banheiro,Vassourinha de limpar vaso,
Banheiro,Tapete,
Banheiro,Porta-algodão,
Banheiro,Suporte escova/pasta de dente,
Banheiro,Suporte papel higiênico,
Banheiro,Suporte shampoo/condicionador,
Banheiro,Suporte Sabonete de banho,
Banheiro,Suporte Sabonete de pia,
Banheiro,Suporte toalha,
Banheiro,Jogo de toalha banho/rosto,
Quarto,2 Travesseiros,
Quarto,Jogo de roupa de cama,
Outros,Adaptador de tomadas,
Outros,Caixas organizadoras,
Outros,Encosto de porta,
Outros,Extensão de tomada,
